,number,lumiblock,run,era
4742,12587231.0,8.0,297603.0,JetHT_Run2017B
4743,505347267.0,307.0,297656.0,JetHT_Run2017B
4744,521351159.0,317.0,297656.0,JetHT_Run2017B
4745,521122544.0,317.0,297656.0,JetHT_Run2017B
4746,64678170.0,45.0,299064.0,JetHT_Run2017B
4747,113638197.0,75.0,299065.0,JetHT_Run2017B
4748,233465559.0,152.0,299065.0,JetHT_Run2017B
4749,257736813.0,168.0,299065.0,JetHT_Run2017B
4750,267645112.0,174.0,299065.0,JetHT_Run2017B
4751,26327994.0,48.0,297620.0,JetHT_Run2017B
4752,45798207.0,59.0,297620.0,JetHT_Run2017B
4753,61849654.0,69.0,297620.0,JetHT_Run2017B
4754,64680805.0,70.0,297620.0,JetHT_Run2017B
4755,73922886.0,75.0,297620.0,JetHT_Run2017B
4756,69262268.0,73.0,297620.0,JetHT_Run2017B
4757,77852130.0,77.0,297620.0,JetHT_Run2017B
4758,17156763.0,39.0,297620.0,JetHT_Run2017B
4759,43371530.0,58.0,297620.0,JetHT_Run2017B
4760,75930034.0,76.0,297620.0,JetHT_Run2017B
4761,137293486.0,112.0,297620.0,JetHT_Run2017B
4762,136760294.0,112.0,297620.0,JetHT_Run2017B
3833,519258250.0,574.0,302163.0,JetHT_Run2017D
3834,536153722.0,594.0,302163.0,JetHT_Run2017D
3835,538984875.0,597.0,302163.0,JetHT_Run2017D
3836,568380295.0,633.0,302163.0,JetHT_Run2017D
3837,570675109.0,636.0,302163.0,JetHT_Run2017D
3838,611979245.0,687.0,302163.0,JetHT_Run2017D
3839,613817090.0,689.0,302163.0,JetHT_Run2017D
3840,958172623.0,1188.0,302263.0,JetHT_Run2017D
3841,965834956.0,1202.0,302263.0,JetHT_Run2017D
3842,503385426.0,555.0,302163.0,JetHT_Run2017D
3843,507359306.0,560.0,302163.0,JetHT_Run2017D
3844,809355247.0,970.0,302263.0,JetHT_Run2017D
3845,809029681.0,970.0,302263.0,JetHT_Run2017D
3846,813209814.0,976.0,302263.0,JetHT_Run2017D
3847,817181159.0,981.0,302263.0,JetHT_Run2017D
3848,796307530.0,929.0,302163.0,JetHT_Run2017D
3849,796950801.0,930.0,302163.0,JetHT_Run2017D
3850,798492269.0,932.0,302163.0,JetHT_Run2017D
3851,799217179.0,933.0,302163.0,JetHT_Run2017D
3852,801426799.0,936.0,302163.0,JetHT_Run2017D
3853,821147676.0,965.0,302163.0,JetHT_Run2017D
3854,823524725.0,969.0,302163.0,JetHT_Run2017D
3855,824442503.0,970.0,302163.0,JetHT_Run2017D
3856,827373763.0,974.0,302163.0,JetHT_Run2017D
3857,827541056.0,974.0,302163.0,JetHT_Run2017D
3858,843445854.0,997.0,302163.0,JetHT_Run2017D
3859,864924920.0,1029.0,302163.0,JetHT_Run2017D
3860,866450998.0,1031.0,302163.0,JetHT_Run2017D
3861,768797204.0,891.0,302163.0,JetHT_Run2017D
3862,784661217.0,913.0,302163.0,JetHT_Run2017D
3863,787459571.0,917.0,302163.0,JetHT_Run2017D
3864,788721114.0,919.0,302163.0,JetHT_Run2017D
3865,793416554.0,925.0,302163.0,JetHT_Run2017D
3866,698094317.0,797.0,302163.0,JetHT_Run2017D
3867,719832922.0,825.0,302163.0,JetHT_Run2017D
3868,726300550.0,834.0,302163.0,JetHT_Run2017D
3869,726232330.0,834.0,302163.0,JetHT_Run2017D
3870,728087137.0,836.0,302163.0,JetHT_Run2017D
3871,740242332.0,853.0,302163.0,JetHT_Run2017D
3872,741460311.0,854.0,302163.0,JetHT_Run2017D
3873,742713046.0,856.0,302163.0,JetHT_Run2017D
3874,743532528.0,857.0,302163.0,JetHT_Run2017D
3875,970890204.0,1190.0,302163.0,JetHT_Run2017D
3876,974765783.0,1196.0,302163.0,JetHT_Run2017D
3877,978269182.0,1203.0,302163.0,JetHT_Run2017D
3878,979481291.0,1206.0,302163.0,JetHT_Run2017D
3879,979772143.0,1207.0,302163.0,JetHT_Run2017D
3880,383975894.0,442.0,302344.0,JetHT_Run2017D
3881,384916536.0,443.0,302344.0,JetHT_Run2017D
3882,387203073.0,446.0,302344.0,JetHT_Run2017D
3883,884414797.0,1057.0,302163.0,JetHT_Run2017D
3884,885119628.0,1058.0,302163.0,JetHT_Run2017D
3885,885900629.0,1059.0,302163.0,JetHT_Run2017D
3886,891826413.0,1068.0,302163.0,JetHT_Run2017D
3887,777607566.0,903.0,302163.0,JetHT_Run2017D
3888,788268450.0,918.0,302163.0,JetHT_Run2017D
3889,852740069.0,1011.0,302163.0,JetHT_Run2017D
3978,257592723.0,303.0,302494.0,JetHT_Run2017D
3979,258234124.0,304.0,302494.0,JetHT_Run2017D
3980,281020685.0,332.0,302494.0,JetHT_Run2017D
3981,282802710.0,334.0,302494.0,JetHT_Run2017D
3982,284696247.0,337.0,302494.0,JetHT_Run2017D
3983,285655606.0,338.0,302494.0,JetHT_Run2017D
3984,287752054.0,340.0,302494.0,JetHT_Run2017D
3985,297285758.0,352.0,302494.0,JetHT_Run2017D
3986,309773052.0,367.0,302494.0,JetHT_Run2017D
3987,310998433.0,369.0,302494.0,JetHT_Run2017D
3988,312549463.0,370.0,302494.0,JetHT_Run2017D
3989,324251029.0,385.0,302494.0,JetHT_Run2017D
3990,324330429.0,385.0,302494.0,JetHT_Run2017D
3991,353526758.0,421.0,302494.0,JetHT_Run2017D
3992,354109613.0,421.0,302494.0,JetHT_Run2017D
3993,356333849.0,424.0,302494.0,JetHT_Run2017D
3994,356098320.0,424.0,302494.0,JetHT_Run2017D
3995,242448338.0,285.0,302494.0,JetHT_Run2017D
3996,250206163.0,294.0,302494.0,JetHT_Run2017D
3997,215675752.0,253.0,302494.0,JetHT_Run2017D
3998,216710989.0,254.0,302494.0,JetHT_Run2017D
3999,218028648.0,256.0,302494.0,JetHT_Run2017D
4000,222519545.0,261.0,302494.0,JetHT_Run2017D
4001,228018444.0,267.0,302494.0,JetHT_Run2017D
4002,233855561.0,274.0,302494.0,JetHT_Run2017D
4003,234539970.0,275.0,302494.0,JetHT_Run2017D
4004,329387645.0,391.0,302494.0,JetHT_Run2017D
9921,203091035.0,145.0,304616.0,JetHT_Run2017E
9922,204118277.0,145.0,304616.0,JetHT_Run2017E
9923,203172969.0,145.0,304616.0,JetHT_Run2017E
9924,206607072.0,147.0,304616.0,JetHT_Run2017E
9925,210641374.0,149.0,304616.0,JetHT_Run2017E
9926,211178773.0,149.0,304616.0,JetHT_Run2017E
9927,213638650.0,150.0,304616.0,JetHT_Run2017E
9928,213218104.0,150.0,304616.0,JetHT_Run2017E
9929,215357909.0,151.0,304616.0,JetHT_Run2017E
9930,215617265.0,151.0,304616.0,JetHT_Run2017E
9931,245191800.0,167.0,304616.0,JetHT_Run2017E
9932,255140384.0,172.0,304616.0,JetHT_Run2017E
9933,259702030.0,175.0,304616.0,JetHT_Run2017E
9934,261134075.0,175.0,304616.0,JetHT_Run2017E
9935,266707555.0,179.0,304616.0,JetHT_Run2017E
9936,284077405.0,188.0,304616.0,JetHT_Run2017E
9937,116644049.0,101.0,304616.0,JetHT_Run2017E
9938,116691018.0,101.0,304616.0,JetHT_Run2017E
9939,125874570.0,106.0,304616.0,JetHT_Run2017E
9940,129553855.0,108.0,304616.0,JetHT_Run2017E
9941,135581226.0,111.0,304616.0,JetHT_Run2017E
9942,136059435.0,111.0,304616.0,JetHT_Run2017E
9943,157660692.0,122.0,304616.0,JetHT_Run2017E
9944,159226396.0,123.0,304616.0,JetHT_Run2017E
9945,160393951.0,124.0,304616.0,JetHT_Run2017E
9946,160483801.0,124.0,304616.0,JetHT_Run2017E
9947,164303837.0,126.0,304616.0,JetHT_Run2017E
9948,181810089.0,134.0,304616.0,JetHT_Run2017E
9949,182604065.0,135.0,304616.0,JetHT_Run2017E
9950,182191068.0,135.0,304616.0,JetHT_Run2017E
9951,183386029.0,135.0,304616.0,JetHT_Run2017E
9952,184610705.0,136.0,304616.0,JetHT_Run2017E
9953,185435085.0,136.0,304616.0,JetHT_Run2017E
9954,187076839.0,137.0,304616.0,JetHT_Run2017E
22549,2037554962.0,1680.0,305064.0,JetHT_Run2017F
22550,1850903876.0,1095.0,305081.0,JetHT_Run2017F
22551,1851313069.0,1095.0,305081.0,JetHT_Run2017F
22552,1851099427.0,1095.0,305081.0,JetHT_Run2017F
22553,4032558.0,4.0,305182.0,JetHT_Run2017F
22554,3102459898.0,1847.0,305636.0,JetHT_Run2017F
22555,3103437169.0,1848.0,305636.0,JetHT_Run2017F
22556,3103106195.0,1848.0,305636.0,JetHT_Run2017F
22557,3499047937.0,2196.0,305636.0,JetHT_Run2017F
22558,3503910997.0,2201.0,305636.0,JetHT_Run2017F
22559,1966038450.0,1589.0,305064.0,JetHT_Run2017F
22560,1968613215.0,1592.0,305064.0,JetHT_Run2017F
22561,1975912459.0,1601.0,305064.0,JetHT_Run2017F
22562,1976230830.0,1602.0,305064.0,JetHT_Run2017F
22563,2011710122.0,1647.0,305064.0,JetHT_Run2017F
22564,2011644152.0,1647.0,305064.0,JetHT_Run2017F
22565,2020003268.0,1657.0,305064.0,JetHT_Run2017F
22566,2019543325.0,1657.0,305064.0,JetHT_Run2017F
22567,2019913638.0,1657.0,305064.0,JetHT_Run2017F
22568,2036489057.0,1678.0,305064.0,JetHT_Run2017F
22907,1742933871.0,1320.0,305064.0,JetHT_Run2017F
22908,1746622299.0,1324.0,305064.0,JetHT_Run2017F
22909,640178049.0,373.0,305045.0,JetHT_Run2017F
22910,639630809.0,373.0,305045.0,JetHT_Run2017F
22911,668738006.0,391.0,305045.0,JetHT_Run2017F
22912,1266519295.0,806.0,305045.0,JetHT_Run2017F
22913,1264962276.0,805.0,305045.0,JetHT_Run2017F
22914,1273763584.0,812.0,305045.0,JetHT_Run2017F
22915,353302362.0,267.0,305059.0,JetHT_Run2017F
22916,140139.0,1.0,305063.0,JetHT_Run2017F
22917,2852979.0,3.0,305063.0,JetHT_Run2017F
22918,9721956.0,8.0,305063.0,JetHT_Run2017F
22919,1648167068.0,1217.0,305064.0,JetHT_Run2017F
22920,1648462781.0,1217.0,305064.0,JetHT_Run2017F
22921,1649696563.0,1218.0,305064.0,JetHT_Run2017F
22922,1688699828.0,1260.0,305064.0,JetHT_Run2017F
22923,1691025218.0,1263.0,305064.0,JetHT_Run2017F
24516,2264907806.0,1368.0,305112.0,JetHT_Run2017F
24517,2266849680.0,1369.0,305112.0,JetHT_Run2017F
24518,2265729990.0,1369.0,305112.0,JetHT_Run2017F
24519,2276416104.0,1377.0,305112.0,JetHT_Run2017F
24520,2284106037.0,1383.0,305112.0,JetHT_Run2017F
24521,2286451992.0,1385.0,305112.0,JetHT_Run2017F
24522,2289553527.0,1387.0,305112.0,JetHT_Run2017F
24523,2289386616.0,1387.0,305112.0,JetHT_Run2017F
24524,2289864790.0,1388.0,305112.0,JetHT_Run2017F
24525,2291718602.0,1389.0,305112.0,JetHT_Run2017F
24526,2291251194.0,1389.0,305112.0,JetHT_Run2017F
24527,2295167022.0,1392.0,305112.0,JetHT_Run2017F
24528,486457693.0,279.0,305313.0,JetHT_Run2017F
24529,490958176.0,281.0,305313.0,JetHT_Run2017F
24530,620284275.0,358.0,305313.0,JetHT_Run2017F
24531,630139355.0,364.0,305313.0,JetHT_Run2017F
24532,630967162.0,364.0,305313.0,JetHT_Run2017F
24533,1294412029.0,714.0,306125.0,JetHT_Run2017F
24534,1295374466.0,714.0,306125.0,JetHT_Run2017F
24535,1301792651.0,718.0,306125.0,JetHT_Run2017F
24536,1301674947.0,718.0,306125.0,JetHT_Run2017F
24537,1303291872.0,718.0,306125.0,JetHT_Run2017F
24538,1302885123.0,718.0,306125.0,JetHT_Run2017F
24539,2232062263.0,1945.0,305064.0,JetHT_Run2017F
24540,2231929247.0,1945.0,305064.0,JetHT_Run2017F
24541,2232067407.0,1945.0,305064.0,JetHT_Run2017F
24542,2266639032.0,1995.0,305064.0,JetHT_Run2017F
24543,2271376543.0,2002.0,305064.0,JetHT_Run2017F
24544,2271914775.0,2003.0,305064.0,JetHT_Run2017F
24545,2272022005.0,2003.0,305064.0,JetHT_Run2017F
24546,2273469909.0,2005.0,305064.0,JetHT_Run2017F
24547,2273709334.0,2006.0,305064.0,JetHT_Run2017F
24548,2284116397.0,2022.0,305064.0,JetHT_Run2017F
24549,2255595005.0,1361.0,305112.0,JetHT_Run2017F
24550,2258159136.0,1363.0,305112.0,JetHT_Run2017F
24551,2259222365.0,1363.0,305112.0,JetHT_Run2017F
24552,2259414512.0,1364.0,305112.0,JetHT_Run2017F
24553,2262053233.0,1366.0,305112.0,JetHT_Run2017F
33032,477607135.0,302.0,305516.0,JetHT_Run2017F
33033,238620021.0,170.0,305516.0,JetHT_Run2017F
33034,239236665.0,170.0,305516.0,JetHT_Run2017F
33035,240410157.0,171.0,305516.0,JetHT_Run2017F
33036,243366638.0,173.0,305516.0,JetHT_Run2017F
33037,243699106.0,173.0,305516.0,JetHT_Run2017F
33038,244779675.0,173.0,305516.0,JetHT_Run2017F
33039,375062136.0,247.0,305516.0,JetHT_Run2017F
33040,374705561.0,247.0,305516.0,JetHT_Run2017F
33041,378740822.0,249.0,305516.0,JetHT_Run2017F
33042,379233893.0,249.0,305516.0,JetHT_Run2017F
33043,380337611.0,250.0,305516.0,JetHT_Run2017F
33044,388682925.0,255.0,305516.0,JetHT_Run2017F
33045,554656348.0,343.0,305516.0,JetHT_Run2017F
33046,553888660.0,343.0,305516.0,JetHT_Run2017F
33047,554314150.0,343.0,305516.0,JetHT_Run2017F
33048,559429466.0,347.0,305516.0,JetHT_Run2017F
33049,560814577.0,347.0,305516.0,JetHT_Run2017F
33050,559270052.0,347.0,305516.0,JetHT_Run2017F
33051,560640640.0,347.0,305516.0,JetHT_Run2017F
33052,565011437.0,350.0,305516.0,JetHT_Run2017F
33053,568338968.0,351.0,305516.0,JetHT_Run2017F
33054,568169124.0,351.0,305516.0,JetHT_Run2017F
33055,115213260.0,97.0,305516.0,JetHT_Run2017F
33056,115016011.0,97.0,305516.0,JetHT_Run2017F
33057,228727598.0,164.0,305516.0,JetHT_Run2017F
33058,209445026.0,153.0,305516.0,JetHT_Run2017F
33059,211679855.0,154.0,305516.0,JetHT_Run2017F
33060,211212999.0,154.0,305516.0,JetHT_Run2017F
33061,219780442.0,159.0,305516.0,JetHT_Run2017F
33062,219262123.0,159.0,305516.0,JetHT_Run2017F
33063,220789446.0,160.0,305516.0,JetHT_Run2017F
33064,221223709.0,160.0,305516.0,JetHT_Run2017F
33065,222057723.0,161.0,305516.0,JetHT_Run2017F
33066,345947858.0,232.0,305516.0,JetHT_Run2017F
33067,347660614.0,233.0,305516.0,JetHT_Run2017F
33068,351902809.0,235.0,305516.0,JetHT_Run2017F
33069,351572659.0,235.0,305516.0,JetHT_Run2017F
33070,351530723.0,235.0,305516.0,JetHT_Run2017F
33071,353931143.0,236.0,305516.0,JetHT_Run2017F
33072,354606906.0,237.0,305516.0,JetHT_Run2017F
33073,359048323.0,239.0,305516.0,JetHT_Run2017F
33074,358504317.0,239.0,305516.0,JetHT_Run2017F
33075,468874097.0,298.0,305516.0,JetHT_Run2017F
33076,471242922.0,299.0,305516.0,JetHT_Run2017F
33077,471410947.0,299.0,305516.0,JetHT_Run2017F
33078,473070366.0,300.0,305516.0,JetHT_Run2017F
33079,474788061.0,301.0,305516.0,JetHT_Run2017F
33080,475615609.0,301.0,305516.0,JetHT_Run2017F
33081,477115985.0,302.0,305516.0,JetHT_Run2017F
33513,477916650.0,293.0,305586.0,JetHT_Run2017F
33514,477541956.0,293.0,305586.0,JetHT_Run2017F
33515,478343221.0,293.0,305586.0,JetHT_Run2017F
33516,478867037.0,293.0,305586.0,JetHT_Run2017F
33517,478246963.0,293.0,305586.0,JetHT_Run2017F
33518,483751952.0,296.0,305586.0,JetHT_Run2017F
33519,486535275.0,297.0,305586.0,JetHT_Run2017F
33520,485743872.0,297.0,305586.0,JetHT_Run2017F
33521,488038002.0,298.0,305586.0,JetHT_Run2017F
33522,2851339701.0,1654.0,305636.0,JetHT_Run2017F
33523,2853460094.0,1656.0,305636.0,JetHT_Run2017F
33524,2857226801.0,1658.0,305636.0,JetHT_Run2017F
33525,2861677850.0,1662.0,305636.0,JetHT_Run2017F
33526,2861683495.0,1662.0,305636.0,JetHT_Run2017F
33527,2863022780.0,1663.0,305636.0,JetHT_Run2017F
33528,2863890140.0,1663.0,305636.0,JetHT_Run2017F
33529,2865818196.0,1665.0,305636.0,JetHT_Run2017F
33530,2869717092.0,1667.0,305636.0,JetHT_Run2017F
33531,2870563618.0,1668.0,305636.0,JetHT_Run2017F
33532,2873547897.0,1670.0,305636.0,JetHT_Run2017F
33533,2872904146.0,1670.0,305636.0,JetHT_Run2017F
33534,2877970749.0,1674.0,305636.0,JetHT_Run2017F
33535,2890031982.0,1682.0,305636.0,JetHT_Run2017F
33536,1027378415.0,575.0,305518.0,JetHT_Run2017F
33537,1152080289.0,660.0,305518.0,JetHT_Run2017F
33538,1494237109.0,911.0,305518.0,JetHT_Run2017F
33539,1496981456.0,913.0,305518.0,JetHT_Run2017F
33540,1497497695.0,913.0,305518.0,JetHT_Run2017F
33541,1507684766.0,921.0,305518.0,JetHT_Run2017F
33542,1627971298.0,1016.0,305518.0,JetHT_Run2017F
33543,1629315961.0,1017.0,305518.0,JetHT_Run2017F
33544,21807803.0,61.0,305636.0,JetHT_Run2017F
33545,23343725.0,61.0,305636.0,JetHT_Run2017F
33546,22409896.0,61.0,305636.0,JetHT_Run2017F
33547,24897337.0,62.0,305636.0,JetHT_Run2017F
33548,33353885.0,66.0,305636.0,JetHT_Run2017F
33549,31445874.0,66.0,305636.0,JetHT_Run2017F
33550,33673729.0,67.0,305636.0,JetHT_Run2017F
33551,35146508.0,67.0,305636.0,JetHT_Run2017F
33552,33926992.0,67.0,305636.0,JetHT_Run2017F
33553,36334632.0,68.0,305636.0,JetHT_Run2017F
33554,364536278.0,232.0,305586.0,JetHT_Run2017F
33555,367700036.0,233.0,305586.0,JetHT_Run2017F
33556,369467280.0,234.0,305586.0,JetHT_Run2017F
33557,370556215.0,235.0,305586.0,JetHT_Run2017F
33558,376437849.0,238.0,305586.0,JetHT_Run2017F
33559,476692947.0,292.0,305586.0,JetHT_Run2017F
33560,476760588.0,292.0,305586.0,JetHT_Run2017F
33561,476470645.0,292.0,305586.0,JetHT_Run2017F
34561,783093561.0,546.0,306459.0,JetHT_Run2017F
34562,782622109.0,546.0,306459.0,JetHT_Run2017F
34563,784273653.0,547.0,306459.0,JetHT_Run2017F
34564,787154950.0,549.0,306459.0,JetHT_Run2017F
34565,791022274.0,552.0,306459.0,JetHT_Run2017F
34566,792205738.0,553.0,306459.0,JetHT_Run2017F
34567,199553254.0,143.0,305766.0,JetHT_Run2017F
34568,332218840.0,210.0,305766.0,JetHT_Run2017F
34569,28307991.0,59.0,305766.0,JetHT_Run2017F
34570,29916516.0,60.0,305766.0,JetHT_Run2017F
34571,45815167.0,68.0,305766.0,JetHT_Run2017F
34572,48593458.0,69.0,305766.0,JetHT_Run2017F
34573,627818666.0,364.0,305766.0,JetHT_Run2017F
34574,628848204.0,364.0,305766.0,JetHT_Run2017F
34575,633668588.0,367.0,305766.0,JetHT_Run2017F
34576,3223252292.0,1947.0,305636.0,JetHT_Run2017F
34577,3446591007.0,2147.0,305636.0,JetHT_Run2017F
34578,256498770.0,175.0,305809.0,JetHT_Run2017F
34579,257361181.0,175.0,305809.0,JetHT_Run2017F
34580,764087108.0,531.0,306459.0,JetHT_Run2017F
34581,765587438.0,532.0,306459.0,JetHT_Run2017F
34582,773628406.0,539.0,306459.0,JetHT_Run2017F
34583,775234540.0,540.0,306459.0,JetHT_Run2017F
34584,781024156.0,544.0,306459.0,JetHT_Run2017F
36216,137965055.0,74.0,305840.0,JetHT_Run2017F
36217,140160129.0,75.0,305840.0,JetHT_Run2017F
36218,379598006.0,204.0,305840.0,JetHT_Run2017F
36219,383917219.0,206.0,305840.0,JetHT_Run2017F
36220,384052047.0,206.0,305840.0,JetHT_Run2017F
36221,405713969.0,217.0,305840.0,JetHT_Run2017F
36222,404774581.0,217.0,305840.0,JetHT_Run2017F
36223,407491347.0,218.0,305840.0,JetHT_Run2017F
36224,407458105.0,218.0,305840.0,JetHT_Run2017F
36225,484556455.0,261.0,305840.0,JetHT_Run2017F
36226,485283576.0,261.0,305840.0,JetHT_Run2017F
36227,487541616.0,262.0,305840.0,JetHT_Run2017F
36228,491011661.0,264.0,305840.0,JetHT_Run2017F
36229,493235165.0,265.0,305840.0,JetHT_Run2017F
36230,493345129.0,265.0,305840.0,JetHT_Run2017F
36231,502095463.0,270.0,305840.0,JetHT_Run2017F
36232,233848682.0,187.0,305862.0,JetHT_Run2017F
36233,232967177.0,187.0,305862.0,JetHT_Run2017F
36234,233768614.0,187.0,305862.0,JetHT_Run2017F
36235,28957159.0,16.0,306038.0,JetHT_Run2017F
36236,30777605.0,16.0,306038.0,JetHT_Run2017F
36237,121705892.0,65.0,305840.0,JetHT_Run2017F
36238,123666304.0,67.0,305840.0,JetHT_Run2017F
36239,127658184.0,69.0,305840.0,JetHT_Run2017F
36240,176501088.0,95.0,305840.0,JetHT_Run2017F
36241,177873678.0,96.0,305840.0,JetHT_Run2017F
36242,185510931.0,100.0,305840.0,JetHT_Run2017F
36243,184527015.0,100.0,305840.0,JetHT_Run2017F
36244,193336288.0,104.0,305840.0,JetHT_Run2017F
36245,193331507.0,104.0,305840.0,JetHT_Run2017F
36246,199795380.0,109.0,305840.0,JetHT_Run2017F
36247,201651328.0,110.0,305840.0,JetHT_Run2017F
36248,201370769.0,110.0,305840.0,JetHT_Run2017F
36249,220533821.0,120.0,305840.0,JetHT_Run2017F
36250,219504437.0,120.0,305840.0,JetHT_Run2017F
36251,221438486.0,121.0,305840.0,JetHT_Run2017F
36252,222937571.0,122.0,305840.0,JetHT_Run2017F
36253,223695344.0,122.0,305840.0,JetHT_Run2017F
36254,223815448.0,122.0,305840.0,JetHT_Run2017F
36255,225472719.0,123.0,305840.0,JetHT_Run2017F
36256,131223679.0,70.0,305840.0,JetHT_Run2017F
36257,130029837.0,70.0,305840.0,JetHT_Run2017F
36258,134557622.0,72.0,305840.0,JetHT_Run2017F
36259,136684836.0,73.0,305840.0,JetHT_Run2017F
36892,298169516.0,209.0,305902.0,JetHT_Run2017F
36893,297929168.0,209.0,305902.0,JetHT_Run2017F
36894,300839914.0,211.0,305902.0,JetHT_Run2017F
36895,322329284.0,223.0,305902.0,JetHT_Run2017F
36896,324536218.0,224.0,305902.0,JetHT_Run2017F
36897,324208837.0,224.0,305902.0,JetHT_Run2017F
36898,324087202.0,224.0,305902.0,JetHT_Run2017F
36899,327962111.0,226.0,305902.0,JetHT_Run2017F
36900,337368158.0,231.0,305902.0,JetHT_Run2017F
36901,382930850.0,258.0,305902.0,JetHT_Run2017F
36902,383078009.0,258.0,305902.0,JetHT_Run2017F
36903,384040908.0,258.0,305902.0,JetHT_Run2017F
36904,385981893.0,259.0,305902.0,JetHT_Run2017F
36905,289173561.0,204.0,305902.0,JetHT_Run2017F
36906,289224349.0,204.0,305902.0,JetHT_Run2017F
36907,399337460.0,267.0,305902.0,JetHT_Run2017F
36908,400680963.0,268.0,305902.0,JetHT_Run2017F
36909,401170560.0,268.0,305902.0,JetHT_Run2017F
36910,404140851.0,270.0,305902.0,JetHT_Run2017F
36911,421061287.0,279.0,305902.0,JetHT_Run2017F
36912,453651038.0,298.0,305902.0,JetHT_Run2017F
36913,250758214.0,182.0,305902.0,JetHT_Run2017F
36914,249836656.0,182.0,305902.0,JetHT_Run2017F
36915,257680182.0,186.0,305902.0,JetHT_Run2017F
36916,257644813.0,186.0,305902.0,JetHT_Run2017F
36917,256497935.0,186.0,305902.0,JetHT_Run2017F
36918,261964643.0,189.0,305902.0,JetHT_Run2017F
36919,263023165.0,189.0,305902.0,JetHT_Run2017F
36920,267214452.0,192.0,305902.0,JetHT_Run2017F
36921,285167572.0,202.0,305902.0,JetHT_Run2017F
36922,285384289.0,202.0,305902.0,JetHT_Run2017F
36923,208242613.0,158.0,305902.0,JetHT_Run2017F
36924,208746248.0,158.0,305902.0,JetHT_Run2017F
36925,217901911.0,164.0,305902.0,JetHT_Run2017F
36926,292785545.0,206.0,305902.0,JetHT_Run2017F
36927,294985830.0,208.0,305902.0,JetHT_Run2017F
36928,294984352.0,208.0,305902.0,JetHT_Run2017F
37195,30244595.0,16.0,306041.0,JetHT_Run2017F
37196,31191279.0,16.0,306041.0,JetHT_Run2017F
37197,31565546.0,16.0,306041.0,JetHT_Run2017F
37198,39646753.0,21.0,306041.0,JetHT_Run2017F
37199,40393267.0,21.0,306041.0,JetHT_Run2017F
37200,40864586.0,22.0,306041.0,JetHT_Run2017F
37201,70882623.0,37.0,306041.0,JetHT_Run2017F
37202,73988830.0,38.0,306041.0,JetHT_Run2017F
37203,77360132.0,40.0,306041.0,JetHT_Run2017F
37204,77576797.0,40.0,306041.0,JetHT_Run2017F
37205,79204606.0,41.0,306041.0,JetHT_Run2017F
37206,82467951.0,42.0,306041.0,JetHT_Run2017F
37207,99929565.0,51.0,306041.0,JetHT_Run2017F
37208,99478896.0,51.0,306041.0,JetHT_Run2017F
37209,108210585.0,55.0,306041.0,JetHT_Run2017F
37210,124631496.0,64.0,306041.0,JetHT_Run2017F
37211,124477025.0,64.0,306041.0,JetHT_Run2017F
37212,147922198.0,76.0,306041.0,JetHT_Run2017F
37213,4819673.0,3.0,306041.0,JetHT_Run2017F
37214,9441749.0,5.0,306041.0,JetHT_Run2017F
37215,8611026.0,5.0,306041.0,JetHT_Run2017F
37216,409070255.0,223.0,306041.0,JetHT_Run2017F
37217,408910523.0,223.0,306041.0,JetHT_Run2017F
37218,409035235.0,223.0,306041.0,JetHT_Run2017F
37219,409249423.0,223.0,306041.0,JetHT_Run2017F
37220,410060788.0,224.0,306041.0,JetHT_Run2017F
37221,424992221.0,231.0,306041.0,JetHT_Run2017F
37222,16355684.0,9.0,306041.0,JetHT_Run2017F
37223,20803290.0,11.0,306041.0,JetHT_Run2017F
37224,20883520.0,11.0,306041.0,JetHT_Run2017F
37225,23507296.0,12.0,306041.0,JetHT_Run2017F
37226,21880232.0,12.0,306041.0,JetHT_Run2017F
37227,25746868.0,13.0,306041.0,JetHT_Run2017F
37672,235650956.0,180.0,306095.0,JetHT_Run2017F
37673,238853593.0,182.0,306095.0,JetHT_Run2017F
37674,241215766.0,184.0,306095.0,JetHT_Run2017F
37675,249834390.0,192.0,306095.0,JetHT_Run2017F
37676,249854677.0,192.0,306095.0,JetHT_Run2017F
37677,262314475.0,202.0,306095.0,JetHT_Run2017F
37678,266501682.0,205.0,306095.0,JetHT_Run2017F
37679,268637377.0,207.0,306095.0,JetHT_Run2017F
37680,272965265.0,210.0,306095.0,JetHT_Run2017F
37681,273174978.0,211.0,306095.0,JetHT_Run2017F
37682,276021512.0,213.0,306095.0,JetHT_Run2017F
37683,279054502.0,215.0,306095.0,JetHT_Run2017F
37684,363579415.0,285.0,306095.0,JetHT_Run2017F
37685,196425245.0,149.0,306095.0,JetHT_Run2017F
37686,200318572.0,152.0,306095.0,JetHT_Run2017F
37687,201212799.0,153.0,306095.0,JetHT_Run2017F
37688,206910380.0,157.0,306095.0,JetHT_Run2017F
37689,207183073.0,158.0,306095.0,JetHT_Run2017F
37690,211228114.0,161.0,306095.0,JetHT_Run2017F
37691,213440805.0,162.0,306095.0,JetHT_Run2017F
37692,214938304.0,164.0,306095.0,JetHT_Run2017F
37693,221525542.0,169.0,306095.0,JetHT_Run2017F
37694,222600849.0,170.0,306095.0,JetHT_Run2017F
37695,222641262.0,170.0,306095.0,JetHT_Run2017F
37696,226019928.0,172.0,306095.0,JetHT_Run2017F
37697,226990377.0,173.0,306095.0,JetHT_Run2017F
37698,226570848.0,173.0,306095.0,JetHT_Run2017F
37699,230938892.0,176.0,306095.0,JetHT_Run2017F
